,host,host_taxid,phage_acc,protein_acc,protein_gi,cds,strand,function,spanin_type,property_feature,sequence,ncbi_sequence,same,new_cds
0,Aeromonas,642,NC_020879.1,YP_007677913.1,472438133,126555..126789,NEGATIVE,ISPANIN,sep,TMD:7..29,MLLTLSSLLSWLKSNALCIIIMVLMAIMMKNQHDEISTLKTSLESMKSFQTKSYENAKPVTEALLKSPKATKQMEKIAEKKPQLLEKRMNMGFQKLADQLQESTK,MKNQHDEISTLKTSLESMKSFQTKSYENAKPVTEALLKSPKATKQMEKIAEKKPQLLEKRMNMGFQKLADQLQESTK,N,"[126555, 126873]"
1,Aeromonas,642,NC_019543.1,YP_007010874.1,423262275,124571..124826,NEGATIVE,ISPANIN,sep,TMD:7..29,MLLTLSSLLSWLKSNALYIIIMVLMAIMMKNQHDEISTLKNSLESMKSFQTKSYENAKPVTEALLKSPKATKQMEKIAEKKPQLLEKRMNMGFQKLADQLQESTK,MVLMAIMMKNQHDEISTLKNSLESMKSFQTKSYENAKPVTEALLKSPKATKQMEKIAEKKPQLLEKRMNMGFQKLADQLQESTK,N,"[124571, 124889]"
2,Enterobacteria,547,AP011113,,26042140,,,ISPANIN,sep,TMD:5..24,MHVSNFTAGLLLLVIAFGGTSIILKNKVERLETSVVEITKTANENALALNNLRIQYNYIDAMNNKNREAIAAIERENEKLRKDAKKADVVARKPGLVEKQINNSFNKFAEDIQDLSK,,,"[134887, 135240]"
3,Enterobacteria,547,NC_024142.1,YP_009031980.1,640884671,12841..13066,POSITIVE,ISPANIN,emb,TMD:10..27,MKMLISKGWPYLLVVVLGATIYFWGNSNGQSTVQKKWDDQKVEDQKAMQKLQDKYNALQRNHSYEVGLLTSRLQTAESNYASELARVSSDYDSRMQQSERRASVYKRQAEAGTFECRSLASHAARLDNSLEEGRRLVEELRATVRLRDSQLIELGKQIQADRKLFEQE,MQQSERRASVYKRQAEAGTFECRSLASHAARLDNSLEEGRRLVEELRATVRLRDSQLIELGKQIQADRKLFEQE,N,"[12559, 13066]"
4,Campylobacter,194,NC_016562.1,YP_004956969.1,371671013,89202..89547,NEGATIVE,ISPANIN,ovl,TMD:15..34,MQMFNFLFSFIKSNIIYILLGSLLAFTAYRYISLEKSNAILIENEKQLTQNIKNSKKELEALKNYNNLTEVFREKEVKYKEVLNNIKNIETKIQKLKLMRKDENETQYIIVNF,MQMFNFLFSFIKSNIIYILLGSLLAFTAYRYISLEKSNAILIENEKQLTQNIKNSKKELEALKNYNNLTIEVFREKEVKYKEVLNNIKNIETKIQKLKLMRKDENETQYIIVNF,N,"[89203, 89547]"
5,Escherichia,561,EU078592,,40093751,,,ISPANIN,emb,TMD:4..26,MSRVTAIISALVICIIVCLSWAVNHYRDNAITYKAQRDKNARELKLANAAITDMQMRQRDVAALDAKYTKELADAKAENDALRDDVAAGRRRLHIKAVCQSVREATTASGVDNAASPRLADTAERDYFTLRERLITMQKQLEGTQKYINEQCR,,,"[17544, 18005]"
6,Pseudomonas,286,NC_007805.1,YP_001293406.1,148912827,37910..38360,POSITIVE,ISPANIN,emb,,MRWVPWLVVALVAALVFWRLDHVTAQRNDLQAAVEQSAETITAMAQQAQRDTQAQVQTDALARTYQAALQASHEENQLRRDAIGTGARVVYVKARCPAGGVHQAPGATGSADAGRAVLAAADGQVVSDLRAGVERRELMIAALRKHIAGLPRYCRR,MVALVAALVFWRLDHVTAQRNDLQAAVEQSAETITAMAQQAQRDTQAQVQTDALARTYQAALQASHEENQLRRDAIGTGARVVYVKARCPAGGVHQAPGATGSADAGRAVLAAADGQVVSDLRAGVERRELMIAALRKHIAGLPRYCRR,N,"[37889, 38360]"
7,Salmonella,590,KC139515.1,AGF88018.1,451937721,17634..17832,NEGATIVE,ISPANIN,ovl,TMD:4..26,MTGLLARIKTGVLAALVFVVALFGVWRAGRTKGKQDQINNQNNDTLREQANADKNVAEVHNEINKLPDGGANDLLRRKWMRRKD,MALFGVWRAGRTKGKQDQINNQNNDTLREQANADKNVAEVHNEINKLPDGGANDLLRRKWMRRKD,N,"[17634, 17889]"
8,Salmonella,590,NC_010392.1,YP_001700615.1,169257238,30405..30858,NEGATIVE,ISPANIN,emb,,MMFNWKTMFVGLLLVSLIVAGRLANHYRNNAITYKYQRDTATHNLKLANETITDMTKRQRDVAALDAKYTKELADAQNRNTDLQRRLAAGSRVRVEGRCTVPTTTTTKTASTRRVGNAATVELSPVAGQNVLDIRAGIISDQEKLKYLQEYIRTQCK,MFVGLLLVSLIVAGRLANHYRNNAITYKYQRDTATHNLKLANETITDMTKRQRDVAALDAKYTKELADAQNRNTDLQRRLAAGSRVRVEGRCTVPTTTTTKTASTRRVGNAATVELSPVAGQNVLDIRAGIISDQEKLKYLQEYIRTQCK,N,"[30405, 30879]"
9,Salmonella,590,NC_010393.1,YP_001700673.1,169257297,17493..17973,POSITIVE,ISPANIN,emb,,MMFNWKTMFVGLLLVSLIVAGRLANHYRNNAITYKEQRDTVTHRLTLANATITDMTKRQRDVAALDEKYTKELADAKAENDALRDDVAAGRRRLYVNATCPAVPTGKSTSTARMDNAASPRLADSAQRDYFALKERVKTMQKQLEGAQAYIRTQCHGNAGKTSNQW,MFVGLLLVSLIVAGRLANHYRNNAITYKEQRDTVTHRLTLANATITDMTKRQRDVAALDEKYTKELADAKAENDALRDDVAAGRRRLYVNATCPAVPTGKSTSTARMDNAASPRLADSAQRDYFALKERVKTMQKQLEGAQAYIRTQCHGNAGKTSNQW,N,"[17472, 17973]"
10,Enterobacteria,547,NC_012740.1,YP_002922301.1,238695107,132794..133061,NEGATIVE,ISPANIN,sep,TMD:4..22,MSKLIYIVIISVLLGVGGNMWWENKKEVDRLNQEFTEYKKKTDEKMKVVDSLQKEMYGIRTKFAEEQNKAMKDATRGYVVAQKPKLVEKQLNDSFKEFTEELKEATK,MWWENKKEVDRLNQEFTEYKKKTDEKMKVVDSLQKEMYGIRTKFAEEQNKAMKDATRGYVVAQKPKLVEKQLNDSFKEFTEELKEATK,N,"[132794, 133118]"
11,Escherichia,561,NC_018854.1,YP_006908837.1,410492030,59169..59394,NEGATIVE,ISPANIN,emb,TMD:10..27,MKMLISKGWPYLLVVVLGATIYFWGNSNGQSTVQKKWDAQKVEDQKALQKLQDKYNALQRNHSYEVGLLTSRLQTAESNYASELARVSSDYDSRMQQSERRASVYKRQAEAGTFECRSLASHAARLDNSLEEGRRLVEELRATVRLRDSQLIELGKQIQADRKLFEQE,MQQSERRASVYKRQAEAGTFECRSLASHAARLDNSLEEGRRLVEELRATVRLRDSQLIELGKQIQADRKLFEQE,N,"[59169, 59676]"
12,Edwardsiella,635,NC_020082.1,YP_007348956.1,448261068,26697..26961,NEGATIVE,ISPANIN,ovl,TMD:4..26,MKTALAILLVVVAVFTMGFVAGKNSVTVEQLTDTVNTQQIVSNVDRVIAIGQEAVTVSRLKKTEEAKVIYVDRIKTVTVRDCVRDSGVLKLYDASLGLSDGKL,MGFVAGKNSVTVEQLTDTVNTQQIVSNVDRVIAIGQEAVTVSRLKKTEEAKVIYVDRIKTVTVRDCVRDSGVLKLYDASLGLSDGKL,N,"[26697, 27009]"
13,Pseudomonas,286,KC862297.1,AGS81747.1,529282186,23912..24308,POSITIVE,ISPANIN,ovl,TMD:10..29,MILTKLKNYALVVAAAMAAGFGYLSFSLYGDLAVAKNDIQSLQAASRQMEEQFQKERAGCEITTGRLEAHIAQMKSRQELLQGHLCELESLPNPTPRETKENATETISEPSTGDSLDPALTSLLDRAFCSAVPNDPYCAPGKPDRGG,MAAGFGYLSFSLYGDLAVAKNDIQSLQAASRQMEEQFQKERAGCEITTGRLEAHIAQMKSRQELLQGHLCELESLPNPTPRETKENATETISEPSTGDSLDPALTSLLDRAFCSAVPNDPYCAPGKPDRGG,N,"[23864, 24308]"
14,Pseudomonas,286,NC_005884.1,YP_024746.1,48697088,11928..12216,POSITIVE,ISPANIN,ovl,TMD:4..23,MYKIAIGLALGLALFSLWSYYSLQLTKQELATTKEALADRSKEVEFLNTSLQLRDKVALQTAEREGAINAQLQRIYATVSKYKSQTNSASDQCLGLVPSPEFLEWVRRAEADSKDKSGAASSNK,MATTKEALADRSKEVEFLNTSLQLRDKVALQTAEREGAINAQLQRIYATVSKYKSQTNSASDQCLGLVPSPEFLEWVRRAEADSKDKSGAASSNK,N,"[11841, 12216]"
15,Escherichia,561,NC_024379.1,YP_009044294.1,658607293,36334..36736,POSITIVE,ISPANIN,emb,,MLEFLKRAAPWLLAAVMFAGGYHTANNKWEAKVNAEYTSNLKASEDTRLAVQAEVNKVSKRFQDEMSSLEGSTDRIIADLQSDNKRLRIRVKPTSGATQSDGRCIVDGYAELDERDAKRLIAIGVKGDKWIKALQDTVRALQQDKEVTH,MFAGGYHTANNKWEAKVNAEYTSNLKASEDTRLAVQAEVNKVSKRFQDEMSSLEGSTDRIIADLQSDNKRLRIRVKPTSGATQSDGRCIVDGYAELDERDAKRLIAIGVKGDKWIKALQDTVRALQQDKEVTH,N,"[36286, 36736]"
16,Enterobacteria,547,GQ422450.1,ADW81927.1,321282850,6803..7103,POSITIVE,ISPANIN,emb,TMD:7..24,MSRIKAIIASVIICIIVCLSWAVNHYRDNAITYKEQRDKATSIIADMQKRQRDVAELDARYTKELADANATIETLRADVSAGRKRLQVSATCPKSTTGASGMGDGESPRLTADAELNYYRLRSGIDRITAQVNYLQEYIRSQCLK,MQKRQRDVAELDARYTKELADANATIETLRADVSAGRKRLQVSATCPKSTTGASGMGDGESPRLTADAELNYYRLRSGIDRITAQVNYLQEYIRSQCLK,N,"[6665, 7103]"
17,Enterobacteria,547,GQ422451.1,ADM32378.1,304421105,20330..20630,POSITIVE,ISPANIN,emb,TMD:7..24,MSRIKAIIASVIICIIVCLSWAVNHYRDNAITYKEQRDKATSIIADMQKRQRDVAELDARYTKELADANATIETLRADVSAGRKRLQVSATCPKSTTGASGMGDGESPRLTADAELNYYRLRSGIDRITAQVNYLQEYIRSQCLK,MQKRQRDVAELDARYTKELADANATIETLRADVSAGRKRLQVSATCPKSTTGASGMGDGESPRLTADAELNYYRLRSGIDRITAQVNYLQEYIRSQCLK,N,"[20192, 20630]"
18,aeromonas,642,NC_014635.1,YP_003969081.1,310722257,41067..41313,POSITIVE,ISPANIN,sep,TMD:7..29,MLLTLSSLLSWLKSNALYLIIMVLMAIMMKNQHDEISTLKNSLESMKSFQTKSYENAKPVTEALLKSPKATKQMEKIAEKKPQLLEKRMNMGFQKLADQLQESTK,MAIMMKNQHDEISTLKNSLESMKSFQTKSYENAKPVTEALLKSPKATKQMEKIAEKKPQLLEKRMNMGFQKLADQLQESTK,N,"[40995, 41313]"
19,Burkholderia,32008,NC_003309.1,NP_536382.1,17975187,22226..22775,POSITIVE,ISPANIN,emb,TMD:5..27,MPKAALYLLAALLGMAAGACVEHLIGAHRLADEQAARAFDAQRHAEALGKISRAALDAEQRAIAAHDAAASAVAAVDQRTTKERNEHEAESRSLRAALAAGTERLRVAVRHCTAAGGDGVPGASSAAGVGDGAAAYADVDAAVAERVFGVAGDDQREIDKLTALQGYVCAVRPKTPGCEQK,MMPKAALYLLAALLGMAAGACVEHLIGAHRLADEQAARAFDAQRHAEALGKISRAALDAEQRAIAAHDAAASAVAAVDQRTTKERNEHEAESRSLRAALAAGTERLRVAVRHCTAAGGDGVPGASSAAGVGDGAAAYADVDAAVAERVFGVAGDDQREIDKLTALQGYVCAVRPKTPGCEQK,N,"[22229, 22775]"
20,Burkholderia,32008,NC_009234.1,YP_001111073.1,134288770,32853..33276,NEGATIVE,ISPANIN,ovl,,MNLSRLMPWLALFALIALAASCQHGRALRAQLERATDDARRANRDAQASAAVIERLLADAKAKDAQREQLDRARAGVDATLATYRNELRRLIDENAAVRTWAAGALPDDVVRLHASPALNGADDYAQRMRGSDAVHDAGDGAANQR,MPWLALFALIALAASCQHGRALRAQLERATDDARRANRDAQASAAVIERLLADAKAKDAQREQLDRARAGVDATLATYRNELRRLIDENAAVRTWAAGALPDDVVRLHASPALNGADDYAQRMRGSDAVHDAGDGAANQR,N,"[32853, 33294]"
21,erwinia,551,NC_019926.1,CBX45111.1,311875370,42438..42759,POSITIVE,ISPANIN,ovl,TMD:4..23,MRKIYVVIITTIVMAGLIWAFIATQVNTGVTSKRQEDALAVSEANVGIGKEAKDQGEQATKRADVAKEQRTHQINQLKDKLHEKAESYDSIPLSPSDVDILCRAYRSTDPVCSPTVKSD,MAGLIWAFIATQVNTGVTSKRQEDALAVSEANVGIGKEAKDQGEQATKRADVAKEQRTHQINQLKDKLHEKAESYDSIPLSPSDVDILCRAYRSTDPVCSPTVKSD,N,"[42399, 42759]"
22,Idiomarinaceae,267893,NC_025471.1,YP_009104273.1,722142276,23635..23845,POSITIVE,ISPANIN,ovl,TMD:12..29,MRANEKRTMIDAIVGLVGGISLIVAYILGRRGGQDKAESNQTKEALDNAQKANEVRDDVRRTDADARRDRLRNYSDE,MIDAIVGLVGGISLIVAYILGRRGGQDKAESNQTKEALDNAQKANEVRDDVRRTDADARRDRLRNYSDE,N,"[23611, 23845]"
23,Yersinia,629,NC_016163,YP_004934470.1,358356719,167032..167455,NEGATIVE,ISPANIN,sep,TMD:15..34,MDSILNNFVSSYKNIILAICIAIVVVVIGLFLNGIADNAKASTEWEGKYTAQKLVSDQLEAALKAEQDKNKKLEAANAIQQTEIANLKAEDNKLNDIDKSNVEVIIKEVPADKVISKESSKALVKIADNFDTVVDNLED,MDSILNNFVSSYKNIILAICIAIVVVVIGLFLNGIADNAKASTEWEGKYTAQKLVSDQLEAALKAEQDKNKKLEAANAIQQTEIANLKAEDNKLNDIDKSNVEVIIKEVPADKVISKESSKALVKIADNFDTVVDNLEDL,N,"[167035, 167455]"
24,Yersinia,629,NC_019919,YP_007237018.1,431810131,24156..24534,NEGATIVE,ISPANIN,sep,TMD:15..34,MGLTQKLLSAIWDAKWYIMGAGLAVGVGFGAYYLVDRVETLAGDLAVATKQISVLETSLKNVKAESERRETRMNQYFTFNNISQADLDKKIKQLDKALSRQDVIAAKPGLVTLIAKKQNKEFEERLACLSGSLEYCKDEHKNN,MGAGLAVGVGFGAYYLVDRVETLAGDLAVATKQISVLETSLKNVKAESERRETRMNQYFTFNNISQADLDKKIKQLDKALSRQDVIAAKPGLVTLIAKKQNKEFEERLACLSGSLEYCKDEHKNN,N,"[24156, 24588]"
25,Yersinia,629,HE956707,,398313030,,,ISPANIN,ovl,TMD:10..27,MLTIPNKYKWAVMALLAAVSIGSLTLANHYRDSALTSQKALQEVTDAHVAYIEGVEAGEKTAGSRIEANKQLKERTDAAIKRVESIPGPTERVPDAVLIELQRAAEAASSSTRTSLPQKPRSSTRG,,,"[41130, 41510]"
26,Serratia,613,NC_024121.1,YP_009030280.1,639438539,134824..135121,NEGATIVE,ISPANIN,sep,TMD:5..22,MSVKIFAGLAIALLIAGMYITINVQGSEIRTLESQLSQVTKDFKDFKTSTENDIKGLRQIDEQRRSEREQQKKSDAKMRNDSKRANVVAKKPGLVEKQINNSFNKMADDFTELTK,MYITINVQGSEIRTLESQLSQVTKDFKDFKTSTENDIKGLRQIDEQRRSEREQQKKSDAKMRNDSKRANVVAKKPGLVEKQINNSFNKMADDFTELTK,N,"[134824, 135172]"
27,Shigella,620,NC_023589.1,YP_009008414.1,589892048,11233..11458,NEGATIVE,ISPANIN,emb,TMD:10..27,MKMLISKGWPYLLVVVLGATIYFWGNSNGQSTVQKKWDDQKIEDQKAIQKLQDKYNALQRNHSYEVGLLTSRLQTAESNYASELARVSSDYDSRMQQSERRASVYKRQAEAGTFECRSLASHAARLDNSLEEGRRLVEELRATVRLRDSQLIELGKQIQADRKLFEQE,MQQSERRASVYKRQAEAGTFECRSLASHAARLDNSLEEGRRLVEELRATVRLRDSQLIELGKQIQADRKLFEQE,N,"[11233, 11740]"
28,Yersinia,629,AM076770,CAJ28448.1,164414553,18144..18336,POSITIVE,ISPANIN,ovl,,MLGKLKIAVMLMIAAVLAWKAGSWNGARVERSVQIAECNNRIEKLAAELEAEKAKKKVEVTKSASKTKQSVLVATDSDIDKRLSKWARDNGSGSR,MQIAECNNRIEKLAAELEAEKAKKKVEVTKSASKTKQSVLVATDSDIDKRLSKWARDNGSGSR,N,"[18048, 18336]"
29,Enterobacteria,547,NC_007023.1,YP_239045.1,66391520,46829..47042,POSITIVE,ISPANIN,sep,TMD:10..29,MNIPALPKLSSLVWPVIVGLSLIALFYIAVDTKIENRQLSNDIKALQADIKKVKETNNTNTVIYVEQKAKDQQLVKDAGRKDLLFKKPGLIEIKINKSFEEYMEEFDK,MSNDIKALQADIKKVKETNNTNTVIYVEQKAKDQQLVKDAGRKDLLFKKPGLIEIKINKSFEEYMEEFDK,N,"[46715, 47042]"
30,Enterobacteria,547,NC_005066.1,NP_891793.1,33620580,129054..129321,NEGATIVE,ISPANIN,sep,TMD:4..22,MSKLIYIVIISVLLGVGGNMWWENKKEVDRLNQEFTEYKKKTDDKMKIVDSLQKEMYGIRTKFAEEQNKAMKDATRGYVVAQKPKLVEKQLNDSFKEFTEELKEATK,MWWENKKEVDRLNQEFTEYKKKTDDKMKIVDSLQKEMYGIRTKFAEEQNKAMKDATRGYVVAQKPKLVEKQLNDSFKEFTEELKEATK,N,"[129054, 129378]"
31,Ralstonia,48736,AB920995.1,BAP15848.1,662242621,43580..43853,POSITIVE,ISPANIN,ovl,TMD:7..29,MTIATQIKLVILAVLLTLMGAGLFQTYRLSSQNAELSRQVEQLSQAQKADRAASAAHDKALASVREQQREQDRKVQDAVNANPDWANAPVPDAVWDSLFPSTSQGQRP,MGAGLFQTYRLSSQNAELSRQVEQLSQAQKADRAASAAHDKALASVREQQREQDRKVQDAVNANPDWANAPVPDAVWDSLFPSTSQGQRP,N,"[43526, 43853]"
32,Stenotrophomonas,40323,NC_023588.1,YP_009008371.1,589892004,9447..9939,POSITIVE,ISPANIN,emb,,MLYRALALAALVLATAGLFSYQQGRISRATTALDKANLDLAKARSENAALTSSLKLAEGTTRVVTEYVDRVQLVHERGDTIVKEVPIYVTANADAACTVSAGFVQLHDTAASGNATAGPAGDPDAPAAATPLSVVAETVASNYATCHATAAQVVGLQELARELHADLERQAGTP,MLATAGLFSYQQGRISRATTALDKANLDLAKARSENAALTSSLKLAEGTTRVVTEYVDRVQLVHERGDTIVKEVPIYVTANADAACTVSAGFVQLHDTAASGNATAGPAGDPDAPAAATPLSVVAETVASNYATCHATAAQVVGLQELARELHADLERQAGTP,N,"[9414, 9939]"
33,Shigella,620,NC_014595.1,YP_003934862.1,308814588,137726..138050,NEGATIVE,ISPANIN,sep,TMD:5..24,MQISNLTTGLMLALVVTAGSGFYLKAKVDNLKTAVAEVTKVAEDNAKNLQSVKDQVNQINLLDQQRQEYVEHLQKENDKLRADAKRTKVVAAKPKLVEKQINQSFDKFAQDFQELTK,MLALVVTAGSGFYLKAKVDNLKTAVAEVTKVAEDNAKNLQSVKDQVNQINLLDQQRQEYVEHLQKENDKLRADAKRTKVVAAKPKLVEKQINQSFDKFAQDFQELTK,N,"[137726, 138080]"
34,Escherichia,561,NC_024794.1,YP_009056807.1,682124495,136877..137234,NEGATIVE,ISPANIN,sep,TMD:7..25,MLKVNPIYAIVAAFALVSTVTIVVLNNKVDSLNTELASVKETAKNNAKVL,MLKVNPIYAIVAAFALVSTVTIVVLNNKVDSLNTELASVKETAKNNAKVLDDFKVQYRSIEEMTYKNRVLVDQLKAENEKLRKDSKKKNVVASKPGLVEKQINKSFDSFAEDLRKLSE,N,"[137084, 137234]"
35,Escherichia,561,NC_024790.1,YP_009056196.1,682123877,58896..59115,NEGATIVE,ISPANIN,emb,TMD:10..27,MKMLISKGWPYLLVVVLGATIYFWGNSNGQSTVQKKWDAQKVEDQKATQKLQDKYNALQRNHSYEVGLLTSRLQTAESNYASELARVSSDYDSRMQQSERRASVYKRQAEAGTLECRSLASHAARLDSSLEEGRRLVEELRATVRLRDNQLIELGKQIQADRKLFE,MQQSERRASVYKRQAEAGTLECRSLASHAARLDSSLEEGRRLVEELRATVRLRDNQLIELGKQIQADRKLFE,N,"[58896, 59397]"
36,Pseudomonas,286,NC_024140.1,YP_009031821.1,640884483,28053..28608,NEGATIVE,ISPANIN,emb,TMD:7..25,MTISARQIRWIAEVLLFAIIAFYAYNKGFVKAESKTNAEWELRMMQAERTAEENKKAIEQSLLEAMNEVKKDADEQLADQAARIAAADAQSRSLREQVSRLRDDLIADDARATTERHASNAASVVLADLYGSCVSHRQELAGALDRSHAAGLTCQKSYAIVKSLGHAPPQ,MAGTVPQGGKGGDPMTISARQIRWIAEVLLFAIIAFYAYNKGFVKAESKTNAEWELRMMQAERTAEENKKAIEQSLLEAMNEVKKDADEQLADQAARIAAADAQSRSLREQVSRLRDDLIADDARATTERHASNAASVVLADLYGSCVSHRQELAGALDRSHAAGLTCQKSYAIVKSLGHAPPQ,N,"[28053, 28566]"
37,Yersinia,629,KP202158.1,AJD82035.1,746946607,132260..132545,NEGATIVE,ISPANIN,sep,TMD:4..21,MNKLTVWLLLTIAASAIAISVMSKNIASLKSDLSEIKGTVETQSKQIDQLATDFKGLQKIDEGRKGSRETRDKSDIKMRKDSSRESVVAKKPKLVEKQINTSFDVFTKELQEVSK,MSKNIASLKSDLSEIKGTVETQSKQIDQLATDFKGLQKIDEGRKGSRETRDKSDIKMRKDSSRESVVAKKPKLVEKQINTSFDVFTKELQEVSK,N,"[132260, 132608]"
38,Vibrio,662,NC_023568.1,YP_009006381.1,589286583,234503..234857,POSITIVE,ISPANIN,sep,TMD:7..24,MFSQNKIYVLLAVAAVFIGSIGYLKYENVSLEKDLVTQTAEVERLTGDNERLQTTIKNKNLTIDQWRSVYREQEQYRKTLQTELDKLTATIDTYKSRQDIVFQKPGLVQIKEQKALDKFFDEVRNGQ,MAVAAVFIGSIGYLKYENVSLEKDLVTQTAEVERLTGDNERLQTTIKNKNLTIDQWRSVYREQEQYRKTLQTELDKLTATIDTYKSRQDIVFQKPGLVQIKEQKALDKFFDEVRNGQ,N,"[234473, 234857]"
39,Xanthomonas oryzae,338,NC_004902.1,AAP58696.1,31788504,23239..23539,POSITIVE,ISPANIN,ovl,TMD:10..32,MSMLLLWKRIELIVGLALLMTVAVLAVQVTMARKHAAKVQEQVYAVTADLTAERIHSREVENINKQQEKKNADVSTALEANKEWADDVLPDDVAAQLQLPDGSTRAVPPSL,MVGLALLMTVAVLAVQVTMARKHAAKVQEQVYAVTADLTAERIHSREVENINKQQEKKNADVSTALEANKEWADDVLPDDVAAQLQLPDGSTRAVPPSL,N,"[23203, 23539]"
40,Escherichia coli O157:H7,561,KM092515,,26631539,,,ISPANIN,ovl,TMD:10..27,MTFKEFCQATFIIVFLVGAGVWGGYSYRDYQVAEAELSNEKLISVAKDAYQEGLVTLSTNYKNDLKDVLAKNKHTKEVLTYEKTKPEFYNVCVTDNYVRVFNEQSEQYIQKLPSK,,,"[5432, 5779]"
41,Enterobacteria,547,NC_011045.1,,93201455,,,OSPANIN,emb,LIPO:29..32,MKYRLSIKKTLPRWKGALIGLFLICVATISGCVSESKLPEPPMVSVDSSLMVEPNLTTEMLSVFSQ,,,"[35510, 35761]"
42,Enterobacteria,547,AP011113,,26042139,,,OSPANIN,sep,LIPO:14..17,MIKLSAVILSIGLLVGCSTKPLEVKKETVHPNWPVQIKSYDEAKLSWQVKVIDGKAWVGMPFEDSQEFRIWLNDVKRYVHDQKTMICYYRQELKEDKCK,,,"[134591, 134890]"
43,Aeromonas,642,NC_019538,YP_007010399.1,423261710,210927..211197,NEGATIVE,OSPANIN,sep,LIPO:13..16,MKKILIMMCIVVLAACSTPPKPDPVLVFHPNRPTPVKTYIPKWTVIKEGETTYVGMSYEDSLRYRAWLEKIGVYIDSQNRMLCSYRKDLKEPQCQKVPK,MVLAACSTPPKPDPVLVFHPNRPTPVKTYIPKWTVIKEGETTYVGMSYEDSLRYRAWLEKIGVYIDSQNRMLCSYRKDLKEPQCQKVPK,N,"[210927, 211227]"
44,Enterobacteria,547,NC_014662.1,YP_004010086.1,311993220,132642..132858,NEGATIVE,OSPANIN,sep,LIPO:14..17,MKLLVATVLSIGLLAGCSQKTPELPQPTVVHPSWPDQIKPWNGHWTIVEVDGRPFVGMPYSDSQEFRIWLNDVLRYTKDANGMICYYRYELKEPKCVNSR,MHPSWPDQIKPWNGHWTIVEVDGRPFVGMPYSDSQEFRIWLNDVLRYTKDANGMICYYRYELKEPKCVNSR,N,"[132642, 132945]"
45,Campylobacter,194,FN667789.1,CBJ94317.1,294338279,,,OSPANIN,sep,LIPO:15..18,MKFKKFLLALIPFIFVGCSAVRTEFIYPKIPDVKEPPMTQDYNLTVIKINNVEYYSLSPEDAKILSENWIKFKSWAENYELLKIIKNKDLK,MKFKKFLLALIPFIFVGCSAVRTEFIYPKIPDVKEPPMTQDYNLTVIKINNVEYYSLSPEDAKILSENWIKFKSWAETNYELLKIIKNKDLK,N,"[99401, 99680]"
46,Citrobacter,544,NC_023576.1,YP_009007188.1,589286994,35414..35684,POSITIVE,OSPANIN,emb,LIPO:36..39,MLSKLKSTKCPSGFRTKCPRWKAALIGLLLTLTAITSGCASKSTPQVSPSQISVDASLMVESNYTQKLLKVLSE,MQNTPRILRHRKIQGLLSKLKSTKCPSGFRTKCPRWKAALIGLLLTLTAITSGCASKSTPQVSPSQISVDASLMVESNYTQKLLKVLSE,N,"[35459, 35684]"
47,Dinoroseobacter,2433,NC_024367.1,YP_009043778.1,658311004,9381..9528,POSITIVE,OSPANIN,ovl,LIPO:21..24,MNSKIKLSKRMVLLTPVLLLLVGCSGWNADGVKVQPLPENVTDPCPHPMDVIRTVKGTSVGSDEIRMGRLGDALIECGQEKEIAVQGYEQLSEILK,MDVIRTVKGTSVGSDEIRMGRLGDALIECGQEKEIAVQGYEQLSEILK,N,"[9237, 9528]"
48,Erwinia,551,NC_023557.1,YP_009004806.1,589889423,16184..16514,NEGATIVE,OSPANIN,ovl,LIPO:17..20,MRKLLLGTCLGLLVMVLSGCGSRNQAPPSPSLTGTLLEQTVLQVQEPPAPLMRPAAPTVQKRIIDRFGSTSDADVPATVGVPAGAPATSTAAIAPLPDVNYKVTSVLEDDEYLYFPPEDSQFLINIGAEADDTARRLTKLQEYTTGLLTAIKQLNNLKVNPPTGSTK,MQKRIIDRFGSTSDADVPATVGVPAGAPATSTAAIAPLPDVNYKVTSVLEDDEYLYFPPEDSQFLINIGAEADDTARRLTKLQEYTTGLLTAIKQLNNLKVNPPTGSTK,N,"[16184, 16688]"
49,Escherichia,561,JX560968.1,AFU62452.1,408385019,79273..79471,POSITIVE,OSPANIN,ovl,LIPO:17..20,MKRLSQSFIMFVLLIIMSGCSTNKVNSTFKNSQVSESDKYTQEESRFTVKGNTGSDVAAALEFYRDGFYQCTIKANNLIDMILLGNKQQ,MNSTFKNSQVSESDKYTQEESRFTVKGNTGSDVAAALEFYRDGFYQCTIKANNLIDMILLGNKQQ,N,"[79201, 79471]"
50,enterobacter,547,NC_011042,YP_002003785.1,194100355,36139..36415,POSITIVE,OSPANIN,emb,LIPO:36..39,MLSKLKSTKCPNGFRTKCHRWKVALIGLLLTFSLTISGCASESKLRVEPRKVTVDASLMVTPNLTNEMLNVLSPSE,MQNTPRILRHRRIQGLLSKLKSTKCPNGFRTKCHRWKVALIGLLLTFSLTISGCASESKLRVEPRKVTVDASLMVTPNLTNEMLNVLSPSE,N,"[36184, 36415]"
51,Enterobacteria,547,NC_024783.1,YP_009055284.1,682122961,4906..5065,POSITIVE,OSPANIN,ovl,LIPO:14..17,MLRVLTVLIAVLMLSACGSSSVPLMPLTESALRPPCKFDNPSADPDEDLMIDVKNMECGAKLRAQVLELQQIIRGP,MPLTESALRPPCKFDNPSADPDEDLMIDVKNMECGAKLRAQVLELQQIIRGP,N,"[4834, 5065]"
52,Pseudomonas,286,NC_007623.1,CAG27204.1,82657948,115946..116180,NEGATIVE,OSPANIN,ovl,LIPO:20..23,MQNYLKSMGWMLICLVSLILVGCSNNPKLSETNSILQVQAEQVRINTYRKQVLAAQERLTQVLPQLKNPPAEMPPSQLSSLTTFLLEYDCLEKPSREARELCYRVTRVLLINTTRALDDSNMKLYASQRTISQLIDNINVLIESLALPE,MPPSQLSSLTTFLLEYDCLEKPSREARELCYRVTRVLLINTTRALDDSNMKLYASQRTISQLIDNINVLIESLALPE,N,"[115946, 116396]"
53,Cronobacter,413496,NC_019932.1,ADX32441.1,323146203,5604..6030,NEGATIVE,OSPANIN,ovl,LIPO:18..21,MQTRHYAAGLLLLCLTMLSGCTAVPPSATPVIIWTGCPRVTSCPVPGNRLQTQGDLAADNRQLEAALVSCGLQVETIKECQEQHDAETETAARGADKQRPAAGAKP,MRPARGQSARLRCDCCRAAPRPLPLTVNCRYRGKPMQTRHYAAGLLLLCLTMLSGCTAVPPSATPVIIWTGCPRVTSCPVPGNRLQTQGDLAADNRQLEAALVSCGLQVETIKECQEQHDAETETAARGADKQRPAAGAKP,N,"[5604, 5925]"
54,Shigella,620,NC_016566,YP_004957442.1,371496274,4907..5066,POSITIVE,OSPANIN,ovl,LIPO:14..17,MLRALTALIVVLMLSACGSSNVPLMPLTESALRPPCKFDSPSADPDEDLMIDVKNMECGAKLRAQVLELQQIIKGP,MPLTESALRPPCKFDSPSADPDEDLMIDVKNMECGAKLRAQVLELQQIIKGP,N,"[4835, 5066]"
55,Pseudomonas,286,JN808773.1,AEY99424.1,374112565,12341..12461,POSITIVE,OSPANIN,ovl,LIPO:17..20,MPWPKPLLIALPAAFLLASCSSSKPPVNVPPRPLPAALAQPCQTPVAVTDDSPDAAAIALKQLYDQYGACAGLHWDTVRHLQKD,MAVTDDSPDAAAIALKQLYDQYGACAGLHWDTVRHLQKD,N,"[12206, 12461]"
56,Salmonella,590,KC139526.1,AGF88665.1,451938379,2293..2491,NEGATIVE,OSPANIN,ovl,LIPO:17..20,MKRLSQSFIMFVLLIIMSGCSTNKVNSTFKNSQVSESDKYTQEESRYIIKGNTGSDVAAALEFYRDGFYQCTIKANNLIDMILLGNKQQ,MNSTFKNSQVSESDKYTQEESRYIIKGNTGSDVAAALEFYRDGFYQCTIKANNLIDMILLGNKQQ,N,"[2293, 2563]"
57,Salmonella,590,KC139544.1,AGF88898.1,451938630,39487..39685,POSITIVE,OSPANIN,ovl,LIPO:17..20,MKRLSQSFIMFVLLIIMSGCSTNKVNSTFKNSQVSESDKYTQEESRYIIKGNTGSDVAAALEFYRDGFYQCTIKANNLIDMILLGNKQQ,MNSTFKNSQVSESDKYTQEESRYIIKGNTGSDVAAALEFYRDGFYQCTIKANNLIDMILLGNKQQ,N,"[39415, 39685]"
58,Salmonella,590,NC_021779.1,YP_008239869.1,525972392,41536..41719,POSITIVE,OSPANIN,ovl,LIPO:17..20,MKSINSLMVALTICFAVSGCVERINPAPSFCSVARAIYIGEEDVLTDETARQIATHDEIGERLCGWK,MVALTICFAVSGCVERINPAPSFCSVARAIYIGEEDVLTDETARQIATHDEIGERLCGWK,N,"[41515, 41719]"
59,Salmonella,590,KC139638.1,AGF89431.1,451939257,39172..39370,POSITIVE,OSPANIN,ovl,LIPO:17..20,MKRLSQSFIMFVLLIIMSGCSTNKVSSTFKNSQVSESDKYTQEESRYIIKGNTGSDVAAALEFYRDGFYQCTIKANNLIDMILLGNKQQ,MSSTFKNSQVSESDKYTQEESRYIIKGNTGSDVAAALEFYRDGFYQCTIKANNLIDMILLGNKQQ,N,"[39100, 39370]"
60,Salmonella,590,KC139515.1,AGF88017.1,451937720,17504..17687,NEGATIVE,OSPANIN,ovl,LIPO:17..20,MKSINSLMVALTICFAVSGCVERINPAPSFCSVARAIYIGEEDVLTDETARQIATHDEIGERLCGWK,MVALTICFAVSGCVERINPAPSFCSVARAIYIGEEDVLTDETARQIATHDEIGERLCGWK,N,"[17504, 17708]"
61,Escherichia,561,NC_016158,YP_004934101.1,356870671,46778..46928,POSITIVE,OSPANIN,ovl,LIPO:15..18,MYSKLLTICLAMMLIASCAKTSPAPVVIDTGCLWTRIIYLTNHDIDVMDRQTKKDILAHNKAWQANCQKPTEKKI,MIDTGCLWTRIIYLTNHDIDVMDRQTKKDILAHNKAWQANCQKPTEKKI,N,"[46700, 46928]"
62,Pseudomonas,286,NC_020203.1,YP_007392789.1,448245071,12285..12399,POSITIVE,OSPANIN,ovl,LIPO:17..20,MPWPKPLLIALPAAFLLASCSSSKPPVNVPPRPLPAALAQPCPTPVAVTDDSPDATAIALKQLYDQYGVCAGLHWDTVRHLQKD,MTDDSPDATAIALKQLYDQYGVCAGLHWDTVRHLQKD,N,"[12144, 12399]"
63,Pseudomonas,286,JN811560.1,AEY99484.1,374112688,12561..12675,POSITIVE,OSPANIN,ovl,LIPO:17..20,MPWPKPLLIALPAAFLLASCSSSKPPVNVPPRPLPAALAQPCPTPVAVTDDSPDATAIALKQLYDQYGLCAGLHWDTVRHLQKD,MTDDSPDATAIALKQLYDQYGLCAGLHWDTVRHLQKD,N,"[12420, 12675]"
64,Pseudomonas,286,NC_020198.1,YP_007392334.1,448244611,12392..12506,POSITIVE,OSPANIN,ovl,LIPO:17..20,MPWPKPLLIALPAAFLLASCSSSKPPVNVPPRPLPAALAQPCPTPVAVTDDSPDATAIALKQLYDQYGLCAGLHWDTVRHLQKD,MTDDSPDATAIALKQLYDQYGLCAGLHWDTVRHLQKD,N,"[12251, 12506]"
65,Pseudomonas,286,NC_020202.1,YP_007392731.1,448245012,12344..12458,POSITIVE,OSPANIN,ovl,LIPO:17..20,MPWPKPLLIALPAAFLLASCSSSKPPVNVPPRPLPAALAQPCQTPVAVTDDSPDAAAIALKQLYDQYGACAGLHWDTVRHLQKD,MTDDSPDAAAIALKQLYDQYGACAGLHWDTVRHLQKD,N,"[12203, 12458]"
66,Pseudomonas,286,NC_020200.1,YP_007392432.1,448244711,11426..11540,POSITIVE,OSPANIN,ovl,LIPO:17..20,MPWPKPLLIALPAAFLLASCSSSKPPVNVPPRPLPAALAQPCPTPVAMTDDSPDAAAIALKQLYDQYGACAGLHWDTVRHFQKD,MTDDSPDAAAIALKQLYDQYGACAGLHWDTVRHFQKD,N,"[11285, 11540]"
67,Pseudomonas,286,NC_024330.1,YP_009042204.1,658307199,11422..11536,POSITIVE,OSPANIN,ovl,LIPO:17..20,MPWPKPLLIALPAAFLLASCSSSKPPVNVPPRPLPAALAQPCPTPVAMTDDSPDAAAIALKQLYDQYGACAGLHWDTVRHFQKD,MTDDSPDAAAIALKQLYDQYGACAGLHWDTVRHFQKD,N,"[11281, 11536]"
68,Pseudomonas,286,NC_019450.1,YP_007002450.1,418488305,50520..50652,POSITIVE,OSPANIN,ovl,LIPO:19..22,MLQRRSLSLLLVLVWTLLLQACSIEPSVPQYQTILIVPPESLTDEVKVYRVEQDTVKALAKAYILNTNSAAMCNSQLQTIKLWAEEQRALYGK,MEQDTVKALAKAYILNTNSAAMCNSQLQTIKLWAEEQRALYGK,N,"[50370, 50652]"
69,Enterobacteria,547,NC_007456.1,CAJ29394.1,83308161,36645..36921,POSITIVE,OSPANIN,emb,LIPO:36..39,MLSKLKSTKCPNGFRTKCPRWKAALIGLLLTLSLTISGCSSESNLRVEPRKVTVDASLMVTPNLTNEMLNVLSPSE,MRNTPRILRHRKIQGLLSKLKSTKCPNGFRTKCPRWKAALIGLLLTLSLTISGCSSESNLRVEPRKVTVDASLMVTPNLTNEMLNVLSPSE,N,"[36600, 36921]"
70,Escherichia,561,NC_018859.1,YP_006908884.1,410492682,34587..34761,NEGATIVE,OSPANIN,ovl,LIPO:17..20,MKRLSQFFTMCVLAMNLSACSTSDNSRQLVPLPTNLKAECDVDLPLLQSAQGVAFATTLEWYQDNYTTCAANHNGLLKALKKRGIQ,MPLPTNLKAECDVDLPLLQSAQGVAFATTLEWYQDNYTTCAANHNGLLKALKKRGIQ,N,"[34587, 34848]"
71,Escherichia,561,NC_023593.1,YP_009008728.1,589892357,34442..34568,NEGATIVE,OSPANIN,ovl,LIPO:17..20,MKRLSQFFIMFALVMSMSSCSMSDNSRQLMPLPTNLKAECRVDLPMLEGPQGVALSTTLEWYQDQYTECAANHNGLIEALKERGIQ,MLEGPQGVALSTTLEWYQDQYTECAANHNGLIEALKERGIQ,N,"[34442, 34703]"
72,Klebsiella,570,NC_013647.1,YP_003347559.1,281416319,38218..38710,POSITIVE,OSPANIN,emb,LIPO:30..33,MTQYRLSTKQTLRGWRAALIGLLLICVATISGCASKSNLPVSPQDQTVDASLMVSSNYTKQLLEVLSQ,MTISSPYSDILKVLLYVVPLWMSLHYARRSYVKSEKHLEALCWKLQRESSHILWLSWCSPSGGTWVHNLRTPNGRRKYRMSTLRSKRLELKLRKRLTQYRLSTKQTLRGWRAALIGLLLICVATISGCASKSNLPVSPQDQTVDASLMVSSNYTKQLLEVLSQ,N,"[38503, 38710]"
73,Pseudomonas,286,NC_024123.1,YP_009030543.1,639163072,12475..12604,NEGATIVE,OSPANIN,ovl,LIPO:14..17,MSKTPLLVSAFSLLIGCASTTPPLDSTQQCAPFPKPDQRLMVVPAEFELMVAADDKEALQTATSNNLIAKDSRDRLVELQKWLKEVLDGHQ,MVAADDKEALQTATSNNLIAKDSRDRLVELQKWLKEVLDGHQ,N,"[12475, 12751]"
74,vibrio,662,NC_005083.2,,2546051,,,OSPANIN,sep,LIPO:14..17,MVNKIIAIALCLTLVGCIGTPKEPVPEPPKNEIVHPNIPTPPPNPGVKILVITTDTIKANTAYVGFEYDEWLDFAKWMHSYKSYNQDLLEVIRLYKEQDPNIQKKVENN,,,"[54219, 54575]"
75,Enterobacteria,547,NC_019721,YP_007112469.1,428782716,36023..36176,POSITIVE,OSPANIN,ovl,LIPO:15..18,MYSRLLTTCLMTMLIASCVTRGSVPVVVDTACDWVKPIYLTDHDIDVMDRQTKKDILAHNKAWQANCQKETRAPQ,MVVDTACDWVKPIYLTDHDIDVMDRQTKKDILAHNKAWQANCQKETRAPQ,N,"[35948, 36176]"
76,Enterobacteria,547,NC_018835.1,YP_006906109.1,410490876,40435..40609,NEGATIVE,OSPANIN,ovl,LIPO:17..20,MRKLNQFFIMSALVMTMSACSTSDSSRQSMPLPTNLKAECRVDLPLLESAQGKALATTLEWYQDQYTECAANHNGLLEALKERGIE,MPLPTNLKAECRVDLPLLESAQGKALATTLEWYQDQYTECAANHNGLLEALKERGIE,N,"[40435, 40696]"
77,Pseudomonas,286,KC862297.1,AGS81748.1,529282187,24318..24450,POSITIVE,OSPANIN,ovl,LIPO:19..22,MPQRRSLSLLLGIVWTLLLQACSTGPSVPQYQTILIVPPASLTEEVKVYRVEQDTVKGLARAYILNTNSAAMCNSQLQTIKLWAEEQRALYGK,MEQDTVKGLARAYILNTNSAAMCNSQLQTIKLWAEEQRALYGK,N,"[24168, 24450]"
78,Pseudomonas,286,NC_022966.1,YP_008856908.1,563397142,24032..24245,POSITIVE,OSPANIN,ovl,LIPO:19..22,MRLRAFLGMWLLSVSLLGLWSCSTKPSVPQPPQVILPVLPNEWTTPCVIFPVEEDTVKALAKGYVLNTGAAGCANNKLHFIQQWYKDLEAQYGSRTQ,MPQPPQVILPVLPNEWTTPCVIFPVEEDTVKALAKGYVLNTGAAGCANNKLHFIQQWYKDLEAQYGSRTQ,N,"[23951, 24245]"
79,Edwardsiella,635,NC_021342.1,,509141582,,,OSPANIN,ovl,LIPO:16..19,MSIVSKLLLCGIVCAIAGCSNSTTRHSDCPTVSSDLLVPPRKLESTHNDPERAAWVIPWNAEALLADRSRLERWQAWYNATRKGL,MLVPPRKLESTHNDPERAAWVIPWNAEALLADRSRLERWQAWYNATRKGL,N,"[26592, 26849]"
80,Enterobacteria,547,GQ422450.1,ADW81928.1,321282851,6837..7050,POSITIVE,OSPANIN,emb,LIPO:17..20,MLTRLSKLSALMFLLGVSACKSPPPVQSQRPEPAAWAMEKAQDLQQMLNSIITVSEVESTG,MPDTQRSLLMLTRLSKLSALMFLLGVSACKSPPPVQSQRPEPAAWAMEKAQDLQQMLNSIITVSEVESTG,N,"[6864, 7050]"
81,Bdellovibrio,662,NC_015721.1,,33882695,,,OSPANIN,ovl,LIPO:25..28,MQKNIRMPRLGPIKFALLLILSIGIISCAGVPKFPKDIKVWETAYLPPPKDVPRGTPGQWFCGEYEPTTKNITRAKDIKFKPVKDHDISKCVGVFGFKDKDFPAVLDWMDRVQNYYEDRLERCEAKK,,,"[0, 0]"
82,Bdellovibrio,662,NC_019525.1,YP_007007151.1,422936885,43195..43435,POSITIVE,OSPANIN,ovl,LIPO:22..25,MLQKLAQSKFALPLICLIATILSGCAGAPKMPDVRVWETAIVPETKEWVCGEYKIKDAKNLKFTPVKDHPITQCIGVFGFKDKDFPTLIEYIQDMEKYYKEKLKKCEAK,MPDVRVWETAIVPETKEWVCGEYKIKDAKNLKFTPVKDHPITQCIGVFGFKDKDFPTLIEYIQDMEKYYKEKLKKCEAK,N,"[43105, 43435]"
83,aeromonas,642,NC_014635.1,YP_003969082.1,310722258,41369..41549,POSITIVE,OSPANIN,sep,LIPO:13..16,MRYIIILLGCLLITSCASKPMLPKPSPIHKLDITWKATENGALLSFEDYNKLGVWLTDVNRYVKDQKQIIQICEDTIND,MLPKPSPIHKLDITWKATENGALLSFEDYNKLGVWLTDVNRYVKDQKQIIQICEDTIND,N,"[41309, 41549]"
84,Aeromonas,642,NC_019528.1,YP_007007795.1,422937591,13794..13980,NEGATIVE,OSPANIN,ovl,LIPO:20..23,MKLLNRVWSVAMLWLIAGLLMSCATQHVAPKATPMHVPEALTAPTPAPEIEPGIRISDYPKLILRSLGALEEANADKAAVRLIIDKHNKQIKEQK,MHVPEALTAPTPAPEIEPGIRISDYPKLILRSLGALEEANADKAAVRLIIDKHNKQIKEQK,N,"[13794, 14082]"
85,erwinia,551,NC_015292.1,YP_004326990.1,327198402,8346..8475,POSITIVE,OSPANIN,ovl,LIPO:18..21,MKRLFSLCFLTSVLVMTTASCSTKPQPTLQQKPVVQANLLQKQETDGTKLKQLDGTDGLAVTSSLEYWRDKYFTCAVPYNGLIDVILKQQN,MKQLDGTDGLAVTSSLEYWRDKYFTCAVPYNGLIDVILKQQN,N,"[8199, 8475]"
86,Enterobacteria,547,NC_010324,YP_001671783.1,167583593,35272..35446,NEGATIVE,OSPANIN,ovl,LIPO:17..20,MRKLNQFFIMSALVMSMSACSMSDNSRQSMPLPTNLKAECRVDLPLLESAQGKALATTLEWYQDQYTECAANHNGLLEALKERGIE,MPLPTNLKAECRVDLPLLESAQGKALATTLEWYQDQYTECAANHNGLLEALKERGIE,N,"[35272, 35533]"
87,Î±-Proteobacteria,278678,NC_006938.1,YP_223927.1,62327171,903..1020,POSITIVE,OSPANIN,ovl,LIPO:23..26,MTLSQEPVRSLLRGLSIVALLVLGACSSVPPERSVIQSVQVKTPKTQTLPKPTPIDLVDVKWIIVRTEGGVVMALTPRQYQNLSNNLAEVLRYVKQADSQLDYYRRELGQ,MALTPRQYQNLSNNLAEVLRYVKQADSQLDYYRRELGQ,N,"[687, 1020]"
88,klebsiella,570,NC_005857.1,YP_006637.1,46402143,48191..48293,POSITIVE,OSPANIN,sep,LIPO:23..26,MKMSGRRGLIMRVTTRLIICVALAGCAKSTPMAPILNPAPCAAEKPAIDVVHVDGHFVIADDDMGKLTGYIAALEAGCTAPK,MVHVDGHFVIADDDMGKLTGYIAALEAGCTAPK,N,"[48044, 48293]"
89,Pectobacterium,122277,NC_023865.1,YP_009021799.1,602993997,14934..15114,POSITIVE,OSPANIN,ovl,LIPO:32..35,MSKQLQTGVLKPHTKFRKFSKLSLLLMTSLLTMSCSKGGHAPLVLNNYCDIAKPIYLAVEEIPAMTMETKRQILVHNKTWASLCTTPDKVK,MSCSKGGHAPLVLNNYCDIAKPIYLAVEEIPAMTMETKRQILVHNKTWASLCTTPDKVK,N,"[14838, 15114]"
90,Yersinia,629,AM076770,CAJ28449.1,164414554,18310..18466,POSITIVE,OSPANIN,ovl,LIPO:18..21,MLAKLNKAFWLLLIAILISGCQSGRVITVPVVVDTSCDWVEVIRPTLQDIKVMDLGTKRQIVYHNEMVEKMCSKEL,MITVPVVVDTSCDWVEVIRPTLQDIKVMDLGTKRQIVYHNEMVEKMCSKEL,N,"[18235, 18466]"
91,Roseobacter,2433,NC_015466,YP_004421770.1,331028056,412..688,POSITIVE,OSPANIN,ovl,LIPO:31..34,MPYFQNTIFADFRSSARVSLSLVSMTALIALSACSSAPRELEVRTVPTEVVRPPERASVPDPQPVDLQEVDWVVLTPDTVPEDLEWVFIGLTPEDYERLSLNQAELLRWITEARWRLRYYRGELPADATPPRG,MRTVPTEVVRPPERASVPDPQPVDLQEVDWVVLTPDTVPEDLEWVFIGLTPEDYERLSLNQAELLRWITEARWRLRYYRGELPADATPPRG,N,"[286, 688]"
92,Ralstonia,48736,NC_011201.1,YP_002213734.1,197935898,41803..41962,POSITIVE,OSPANIN,ovl,LIPO:23..26,MHARKRWTRTLTGATLLCLLTLLGGCGSRVVVLTPPEWMVADCVRPADRKIKNNADLVRRVDDWADAFDVCNAGRAALRDWADTAAKEAQ,MVADCVRPADRKIKNNADLVRRVDDWADAFDVCNAGRAALRDWADTAAKEAQ,N,"[41689, 41962]"
93,Stenotrophomonas,40323,NC_011589.1,YP_002321463.1,213163911,10798..11119,POSITIVE,OSPANIN,emb,LIPO:17..20,MHRKPLIVSSLIFALATSACTSVGKRPSPPQSCPRPPLPAASLMVEPTTELKVRAELLAPPPSATPR,MSVMPLRRHWPMQMVCLQQSADALRQPMTWLPHMRRKRTMHRKPLIVSSLIFALATSACTSVGKRPSPPQSCPRPPLPAASLMVEPTTELKVRAELLAPPPSATPR,N,"[10915, 11119]"
94,Aggregatibacter,416916,NC_013597.1,YP_003344811.1,273809573,23051..23264,NEGATIVE,OSPANIN,ovl,LIPO:26..29,MKMRKPLKQSLKLNLVIVLSSLSLLLSGCTSKVTTKAEYIYPPQAYTAPCAKTPFTGETYGDAVLQLVKVTAERDKCAAQVDNINKWIVESKKKE,MSGCTSKVTTKAEYIYPPQAYTAPCAKTPFTGETYGDAVLQLVKVTAERDKCAAQVDNINKWIVESKKKE,N,"[23051, 23339]"
95,Salmonella,590,NC_016763,YP_005098133.1,375267258,23651..23795,POSITIVE,OSPANIN,ovl,LIPO:19..22,MKLSNTLPVLAVLSVSFLLNGCQSNNAPLRMLIPSPDMTLMQPPCKLIPPSSDADEDLAVDVQNAECTRQLRLKVFRLQEYIRNILE,MQPPCKLIPPSSDADEDLAVDVQNAECTRQLRLKVFRLQEYIRNILE,N,"[23531, 23795]"
96,Salmonella,590,NC_022752.1,YP_008767008.1,557307681,6599..6743,POSITIVE,OSPANIN,ovl,LIPO:25..28,MRSLSPVKLSNTLPVLAVLSVSFLLNGCQSNDAPPRMLIPSPDTTLMQPPCKMVLPSSDADEDLAVDVQNAECTRQLRLKVFRLQGYIRNILE,MQPPCKMVLPSSDADEDLAVDVQNAECTRQLRLKVFRLQGYIRNILE,N,"[6461, 6743]"
97,Salmonella,590,NC_022754.1,YP_008767180.1,557307857,6290..6434,POSITIVE,OSPANIN,ovl,LIPO:25..28,MRRLSPVKLSNTLPALAALSVSFLLNGCQLNDVPPRMLIPSLDTTLMQPPCKMVLPSSDVDEDLAVDVQNAECTRQLRLKVFRLQEYIRNILE,MQPPCKMVLPSSDVDEDLAVDVQNAECTRQLRLKVFRLQEYIRNILE,N,"[6152, 6434]"
98,Shigella,620,NC_022749.1,YP_008766917.1,557307579,38716..39058,POSITIVE,OSPANIN,ovl,LIPO:16..19,MRMMIVLYALCLLPLLTGCESSRTVYVPVPAIPLPASLTAETPQPAISEPLTYAGSLDLNVSLLSALGQCNLDKAGIRRIEASRSGRSESGSK,MQNNRSHWSHREPRLISKWLLRMMIVLYALCLLPLLTGCESSRTVYVPVPAIPLPASLTAETPQPAISEPLTYAGSLDLNVSLLSALGQCNLDKAGIRRIEASRSGRSESGSK,N,"[38776, 39058]"
99,Enterobacteria,547,NC_012223,,225220121,,,OSPANIN,ovl,LIPO:14..17,MLRALTALIVVLTLSACGSSSVPLMPLTESALRLPCKFDNPSADPDEDLMIDVKNMECGAKLRAQVLELQQIIKGP,MIDVKNMECGAKLRAQVLELQQIIKGP,N,"[4835, 5066]"
100,Aeromonas,642,JQ177063.1,AFC22597.1,378565328,0..117,NEGATIVE,OSPANIN,ovl,LIPO:15..18,MNGSKTPLCIAALLIAGCSSSSTPPTALIAPSADLLVPPGEPLPVCCDPETAPAAIRHNGVLLLDSSDRLRRWQRWWEMQDK,MCCDPETAPAAIRHNGVLLLDSSDRLRRWQRWWEMQDK,N,"[0, 249]"
101,Cronobacter,413496,NC_019401,YP_006987266.1,414087079,97681..97978,POSITIVE,OSPANIN,sep,LIPO:19..22,MKKIKMFFAAIIIAVTFAISGCGNQVHNQPIIEQQSMLQLCGTDTPIPTNYVINDKGEQVYNGKEVFTVLRDWQAYYNECAAMHNQLVRTILELQNMKEVPKK,MFFAAIIIAVTFAISGCGNQVHNQPIIEQQSMLQLCGTDTPIPTNYVINDKGEQVYNGKEVFTVLRDWQAYYNECAAMHNQLVRTILELQNMKEVPKK,N,"[97666, 97978]"
102,Cronobacter,413496,NC_020078.1,YP_007348368.1,448260272,41005..41188,POSITIVE,OSPANIN,ovl,LIPO:20..23,MPLRNTRLPVLVSLLAMLTLTSCTREVVKYERVPLVLSSEVTDPVKPPLFQKDTDLVEYALQLLGDIEQMNQDRATVRKAVDTHNGASVPHPVK,MVLSSEVTDPVKPPLFQKDTDLVEYALQLLGDIEQMNQDRATVRKAVDTHNGASVPHPVK,N,"[40903, 41188]"
103,Escherichia,561,NC_015933,YP_004782191.1,345461894,59448..59820,NEGATIVE,OSPANIN,emb,LIPO:29..32,MKSGYSLPGCRRLRVITQASLLALVVITTAGCNSLKDEHRYINVKPKPEPLSAEVLQAMQPDSTTVLKKADVWLKNSGQLLDSVTTN,MDSLLFKRSGMPKRLKIRRQRKNYRTNTMLSKETIVMKSGYSLPGCRRLRVITQASLLALVVITTAGCNSLKDEHRYINVKPKPEPLSAEVLQAMQPDSTTVLKKADVWLKNSGQLLDSVTTN,N,"[59448, 59712]"
104,Rhizobium,379,NC_023566.1,YP_009005968.1,589890437,30956..31124,POSITIVE,OSPANIN,ovl,LIPO:19..22,MRNLERYRRVIVVLSSCVIAGCQSATAINGSGYQFVRFSTGKAALAASQDPLAGPAINSNNRQCEKDKACRK,MIAGCQSATAINGSGYQFVRFSTGKAALAASQDPLAGPAINSNNRQCEKDKACRK,N,"[30905, 31124]"
105,Rhizobium,379,NC_025427.1,YP_009099599.1,712912729,25882..26137,POSITIVE,OSPANIN,ovl,LIPO:16..19,MRLCLMAAMSVLAPIVSACSLTNPKPEPIVITRTVTVVLPPECRKVTPALSPKPARDMTQEEIFNGWSADRTARNIGESRRAACVAAVDAAK,MSVLAPIVSACSLTNPKPEPIVITRTVTVVLPPECRKVTPALSPKPARDMTQEEIFNGWSADRTARNIGESRRAACVAAVDAAK,N,"[25858, 26137]"
106,Salmonella,590,NC_019539.1,YP_007010461.1,423261854,6326..6500,POSITIVE,OSPANIN,ovl,LIPO:19..22,MKSSNMLSVLAVLSASFLLSGCQSNDAPPRMLIPSPDMTMMQPPCKMALPSSDADEDLAVDVQNAECTRQLRLKVFRLQEYIRNILE,MLIPSPDMTMMQPPCKMALPSSDADEDLAVDVQNAECTRQLRLKVFRLQEYIRNILE,N,"[6236, 6500]"
107,Salmonella,590,NC_023608.1,YP_009009932.1,589287396,6331..6478,POSITIVE,OSPANIN,ovl,LIPO:19..22,MKSSNMLSVLAVLSASFLLSGCQSNDAPPRMLIPSPDMTMMQPPCKMALPSSDADEDLAVDVQNAECTRQLRLKVFRLQEYIRNILE,MMQPPCKMALPSSDADEDLAVDVQNAECTRQLRLKVFRLQEYIRNILE,N,"[6214, 6478]"
108,Salmonella,590,NC_024204.1,YP_009035145.1,643216969,6338..6482,POSITIVE,OSPANIN,ovl,LIPO:19..22,MKSSNMLSVLAVLSASFLLSGCQSNDAPPRMLIPSPDMTMMQPPCKMALPSSDADEDLAVDVQNAECTRQLRLKVFRLQEYIRNILE,MQPPCKMALPSSDADEDLAVDVQNAECTRQLRLKVFRLQEYIRNILE,N,"[6218, 6482]"
109,Vibrio,662,NC_019713.1,YP_007111901.1,428782140,37640..37760,POSITIVE,OSPANIN,ovl,LIPO:17..20,MRLVKLTLSSLFLVMSMSACTTTQYVQPTEPPKKDIPPELLKRCPPMKTVESNDPWVLLKVATENVGTAASCILDYHTLQDTVSD,MKTVESNDPWVLLKVATENVGTAASCILDYHTLQDTVSD,N,"[37502, 37760]"
110,Xanthamonas,56460,NC_017981.1,YP_006383687.1,389060480,48826..48901,POSITIVE,OSPANIN,ovl,LIPO:18..21,MTLKQMIWVLSGFLILSLAGCGSRQKQPAPLLIVPPYTQTPPALTVDCAVPVVPSGADLAKLVEILSDSFASLEGCNYRMGQIRRVEAERVSYYQKLSESPSK,MGQIRRVEAERVSYYQKLSESPSK,N,"[48589, 48901]"
111,Yersinia,629,KP202158.1,AJD82034.1,746946606,131970..132120,NEGATIVE,OSPANIN,sep,LIPO:14..17,MNLKATLICLSILITGCSQTLPQAHEAVRIDPSWPDPIKTWDGHWEVKVIDGKSWVGMPFERSQEFRVWLNDVSRYVQDQKGMLCYYRAPLKELKCL,MIDGKSWVGMPFERSQEFRVWLNDVSRYVQDQKGMLCYYRAPLKELKCL,N,"[131970, 132264]"
112,Vibrio,662,NC_023568.1,YP_009006382.1,589286584,234882..235176,POSITIVE,OSPANIN,sep,LIPO:14..17,MVNKIIAIALCFMLVGCIGTPKEPVPEPQKNEIVHPNIPTPPPNPGVKILVITTDTIKANTAYVGFEYDEWLDFAKWMHSYKTYNFDLLEVIRLYKEQDANIQKKDENN,MLVGCIGTPKEPVPEPQKNEIVHPNIPTPPPNPGVKILVITTDTIKANTAYVGFEYDEWLDFAKWMHSYKTYNFDLLEVIRLYKEQDANIQKKDENN,N,"[234846, 235176]"
113,Yersinia,629,NC_011038.1,YP_002003355.1,194100510,34458..34713,POSITIVE,OSPANIN,emb,LIPO:29..32,MKSHDNTKKTLRRWKAVLIGSLMICVTMVSGCVSNYQPPHENSKLTVDASLMVEPNLTKSLVDVLSE,MSTSRKLRRLRINRLLSMKSHDNTKKTLRRWKAVLIGSLMICVTMVSGCVSNYQPPHENSKLTVDASLMVEPNLTKSLVDVLSE,N,"[34509, 34713]"
114,Escherichia coli O157:H7,561,KM092515,,26631540,,,OSPANIN,ovl,LIPO:17..20,MKKLSQSFIMFVLLIIMSGCSTNKVSSTFKNSQVSESDKYTQEESRYIIKGNTGSDVAAALEFYRDGFYQCTIKANNLIDMILLGNKQQ,,,"[5673, 5942]"
115,Cellulophaga,104264,NC_021803.1,YP_008242058.1,526178235,14606..14918,POSITIVE,USPANIN,USP,TMD:10..27|99..121&LIPO:21..24,MEKTSNTSKNFMIVILMMLFSIACFAQDKNYVSVHRDSLYNALLNISELKVENAFLRKKNDNQKVIITAQEIIISETEFKTEILTKQISIEQSTGTKKWWNGFGKGVATGGVIVLGLFLGLK,MNIYEFSYSGGETDWVFAPNIKEAKDFYLKFTGCGDLTLTTVKRVPKSKWNEMYLLDPNYSEPDEDEEDYNEEDYSCGLKIIETFAEYAERNTITDMIATTEY,N,"[0, 0]"
116,Cellulophaga,104264,NC_021794.1,YP_008241288.1,526177452,41131..41452,POSITIVE,USPANIN,USP,TMD:10..27|99..121&LIPO:21..24,MEKTSNTSKNFMIVILMMLFSIACFAQDKNYVSVHRDSLYNALLNISELKVENAFLRKKNDNQKVIITAQEIIISETEFKTEILTKQISIEQGTGTKKWWNGFGKGVATGGVIVLGLFLGLK,MMLFSIACFAQDKNYVSVHRDSLYNALLNISELKVENAFLRKKNDNQKVIITAQEIIISETEFKTEILTKQISIEQGTGTKKWWNGFGKGVATGGVIVLGLFLGLK,N,"[41083, 41452]"
117,Cellulophaga,104264,NC_021789.1,YP_008240885.1,526177028,44760..45078,POSITIVE,USPANIN,USP,TMD:10..27|99..121&LIPO:21..24,MEKTSNTSKNFMIVILMMLFSIACFAQDKNYVSVHRDSLYNALLNISELKVENAFLRKKNDNQKVIITAQEIIISETEFKTEILTKQISIEQSTGTKKWWNGFGKGVATGGVIVLGLFLGLK,MLFSIACFAQDKNYVSVHRDSLYNALLNISELKVENAFLRKKNDNQKVIITAQEIIISETEFKTEILTKQISIEQSTGTKKWWNGFGKGVATGGVIVLGLFLGLK,N,"[44709, 45078]"
118,vibrio,662,NC_023863.2,,657201235,,,USPANIN,USP,LIPO:14..17,MKIISTILLSLALLTGCSAMQMATGIASTLSGEQPSLSVDAQMGDRVANVGENDNSTINAEDNEGILTVTSNKSEKQFNGAQQITIQESNSFVEMLLYSIGLIGWLLPNPSQMYSEVKSWFSKS,,,"[56741, 57115]"
119,Salinivibrio,662,NC_019540.1,YP_007010549.1,423261947,20740..21175,NEGATIVE,USPANIN,USP,TMD:7..29|102..124&LIPO:17..20,MKRLRQVLLMLGMVLALSGCSAVTSAVTDRLAGGDKPAVGIDTEIVAGDKEQSVKAGEETGTRLEDVEVRDNARVTTNTSGKKTDINGDTSQINLNEGVPFWQVMAAVALSLFAGLFLPQLGLYRKRG,MLSRLCQKHLDLQGTTMKRLRQVLLMLGMVLALSGCSAVTSAVTDRLAGGDKPAVGIDTEIVAGDKEQSVKAGEETGTRLEDVEVRDNARVTTNTSGKKTDINGDTSQINLNEGVPFWQVMAAVALSLFAGLFLPQLGLYRKRG,N,"[20740, 21127]"
120,vibrio,662,NC_024791.1,YP_009056214.1,682123899,629..968,NEGATIVE,USPANIN,USP,TMD:95..117&LIPO:23..26,MTYVRNKMKSLLVLMGLVLALSTNGCSSLTPVEIAKDVLLPDQQSGITVDTQIGDKEYALGSNLEVKADKVENVIGRDDVKNVAQVINQTNVPTSWFIVGVLGFFLMTAVAVIGWLMPVPKWCKRE,MGLVLALSTNGCSSLTPVEIAKDVLLPDQQSGITVDTQIGDKEYALGSNLEVKADKVENVIGRDDVKNVAQVINQTNVPTSWFIVGVLGFFLMTAVAVIGWLMPVPKWCKRE,N,"[629, 1010]"
121,Enterobacteria,547,NC_007603.1,YP_399009.1,81343993,41476..41839,POSITIVE,USPANIN,USP,TMD:5..27|101..123&LIPO:14..17,MLKWIAALVMCVALSGCSATSALTGLIGSKPEISAQAGAENNKVGVGLTNKVDSSNSSEATVKDSNVGSLDSSSGKKTADNSIKASTITAEKIEITNNESSALPWVGTGAMGLLVLILMALILRRKKAS,MCVALSGCSATSALTGLIGSKPEISAQAGAENNKVGVGLTNKVDSSNSSEATVKDSNVGSLDSSSGKKTADNSIKASTITAEKIEITNNESSALPWVGTGAMGLLVLILMALILRRKKAS,N,"[41449, 41839]"
